{
  "test1_r_varies": {
    "R_mean": 0.1468020166611666,
    "R_std": 0.07727054210332979,
    "R_min": 0.0018558611627668142,
    "R_max": 0.3777415454387665,
    "R_range": 0.37588568427599967,
    "passed": 1.0
  },
  "test2_r_forcing": {
    "mean_diff_low_high": 5.925659656524658,
    "mean_diff_low_mid": 2.4049330711364747,
    "mean_diff_mid_high": 6.25866060256958,
    "R_achieved": {
      "low": 0.19443494081497192,
      "mid": 0.5825847268104554,
      "high": 0.9804454386234284
    },
    "passed": 1.0
  },
  "test3_r_entropy": {
    "pearson_r": -0.09883542124292642,
    "p_value": 1.9632146908248287e-89,
    "passed": 0.0
  }
}